{"intercept": 1.5943252804038197, "coef": [2.3053973327785076, -1.4211972749830784, -0.37316501704689375, -0.11166855161486962]}